
insert into bus_flight_tbl (id, arrival, arrival_time, departure, departure_time, flight_name, flight_number, km, price)
 values (1, 'Kalahang', '2017-08-20 05:42:28', 'Kourou', '2017-08-20 05:42:28', 'Sonsing', 1, 1, 0.89);
insert into bus_flight_tbl (id, arrival, arrival_time, departure, departure_time, flight_name, flight_number, km, price)
values (2, 'Capivari', '2017-08-20 05:42:28', 'Tongyangdao', '2017-08-20 05:42:28', 'Flowdesk', 2, 2, 5.56);
insert into bus_flight_tbl (id, arrival, arrival_time, departure, departure_time, flight_name, flight_number, km, price)
 values (3, 'AlMa', '2017-08-20 05:42:28', 'Oslo', '2017-08-20 05:42:28', 'Opela', 3, 3, 9.48);
insert into bus_flight_tbl (id, arrival, arrival_time, departure, departure_time, flight_name, flight_number, km, price)
 values (4, 'Taunan', '2017-08-20 05:42:28', 'Codrington', '2017-08-20 05:42:28', 'Matsoft', 4, 4, 8.91);
insert into bus_flight_tbl (id, arrival, arrival_time, departure, departure_time, flight_name, flight_number, km, price)
 values (5, 'JosefvDl', '2017-08-20 05:42:28', 'Ayna', '2017-08-20 05:42:28', 'Y-Solowarm', 5, 5, 5.12);
insert into bus_flight_tbl (id, arrival, arrival_time, departure, departure_time, flight_name, flight_number, km, price)
 values (6, 'Marr', '2017-08-20 05:42:28', 'Curuggoong', '2017-08-20 05:42:28', 'Zamit', 6, 6, 6.62);
insert into bus_flight_tbl (id, arrival, arrival_time, departure, departure_time, flight_name, flight_number, km, price)
 values (7, 'Shiqiao', '2017-08-20 05:42:28', 'Wahawaha', '2017-08-20 05:42:28', 'Bigtax', 7, 7, 8.09);
insert into bus_flight_tbl (id, arrival, arrival_time, departure, departure_time, flight_name, flight_number, km, price)
 values (8, 'Huze', '2017-08-20 05:42:28', 'Suqiaoxiang', '2017-08-20 05:42:28', 'Y-Solowarm', 8, 8, 1.25);
insert into bus_flight_tbl (id, arrival, arrival_time, departure, departure_time, flight_name, flight_number, km, price)
 values (9, 'Gourcy', '2017-08-20 05:42:28', 'Baiquan', '2017-08-20 05:42:28', 'Keylex', 9, 9, 3.23);
insert into bus_flight_tbl (id, arrival, arrival_time, departure, departure_time, flight_name, flight_number, km, price)
values (10, 'Kaffrine', '2017-08-20 05:42:28', 'Lidun', '2017-08-20 05:42:28', 'Daltfresh', 10, 10, 7.32);


insert into bus_landing_tbl (id, place_number, schedule_id, ticket_id) values (1, 1, 1, 1);
insert into bus_landing_tbl (id, place_number, schedule_id, ticket_id) values (2, 2, 2, 2);
insert into bus_landing_tbl (id, place_number, schedule_id, ticket_id) values (3, 3, 3, 3);
insert into bus_landing_tbl (id, place_number, schedule_id, ticket_id) values (4, 4, 4, 4);
insert into bus_landing_tbl (id, place_number, schedule_id, ticket_id) values (5, 5, 5, 5);
insert into bus_landing_tbl (id, place_number, schedule_id, ticket_id) values (6, 6, 6, 6);
insert into bus_landing_tbl (id, place_number, schedule_id, ticket_id) values (7, 7, 7, 7);
insert into bus_landing_tbl (id, place_number, schedule_id, ticket_id) values (8, 8, 8, 8);
insert into bus_landing_tbl (id, place_number, schedule_id, ticket_id) values (9, 9, 9, 9);
insert into bus_landing_tbl (id, place_number, schedule_id, ticket_id) values (10, 10, 10, 10);


insert into bus_route_tbl (id, arrival_time, departure_time, km, bus_flight_id, bus_station_id) values (1, '2017-08-20 05:42:28', '2017-08-20 05:42:28', '1145', 1, 1);
insert into bus_route_tbl (id, arrival_time, departure_time, km, bus_flight_id, bus_station_id) values (2, '2017-08-20 05:42:28', '2017-08-20 05:42:28', '46', 2, 2);
insert into bus_route_tbl (id, arrival_time, departure_time, km, bus_flight_id, bus_station_id) values (3, '2017-08-20 05:42:28', '2017-08-20 05:42:28', '4', 3, 3);
insert into bus_route_tbl (id, arrival_time, departure_time, km, bus_flight_id, bus_station_id) values (4, '2017-08-20 05:42:28', '2017-08-20 05:42:28', '7973', 4, 4);
insert into bus_route_tbl (id, arrival_time, departure_time, km, bus_flight_id, bus_station_id) values (5, '2017-08-20 05:42:28', '2017-08-20 05:42:28', '2', 5, 5);
insert into bus_route_tbl (id, arrival_time, departure_time, km, bus_flight_id, bus_station_id) values (6, '2017-08-20 05:42:28', '2017-08-20 05:42:28', '50', 6, 6);
insert into bus_route_tbl (id, arrival_time, departure_time, km, bus_flight_id, bus_station_id) values (7, '2017-08-20 05:42:28', '2017-08-20 05:42:28', '65266', 7, 7);
insert into bus_route_tbl (id, arrival_time, departure_time, km, bus_flight_id, bus_station_id) values (8, '2017-08-20 05:42:28', '2017-08-20 05:42:28', '441', 8, 8);
insert into bus_route_tbl (id, arrival_time, departure_time, km, bus_flight_id, bus_station_id) values (9, '2017-08-20 05:42:28', '2017-08-20 05:42:28', '1899', 9, 9);
insert into bus_route_tbl (id, arrival_time, departure_time, km, bus_flight_id, bus_station_id) values (10, '2017-08-20 05:42:28', '2017-08-20 05:42:28', '68081', 10, 10);


insert into bus_station_tbl (id, bus_station_name, latitude, longitude, street_name, city_id) values (1, 'Dabshots', 41.3575049, -8.3482785, '77 Miller Center', 1);
insert into bus_station_tbl (id, bus_station_name, latitude, longitude, street_name, city_id) values (2, 'Voonix', 57.414834, 56.969379, '39891 Hoepker Drive', 2);
insert into bus_station_tbl (id, bus_station_name, latitude, longitude, street_name, city_id) values (3, 'Browsezoom', 44.889488, 117.470597, '31 Caliangt Place', 3);
insert into bus_station_tbl (id, bus_station_name, latitude, longitude, street_name, city_id) values (4, 'Wikizz', -10.6113203, 121.6083421, '8 Bunting Center', 4);
insert into bus_station_tbl (id, bus_station_name, latitude, longitude, street_name, city_id) values (5, 'Buzzster', 8.538323, 37.973162, '697 Summer Ridge Court', 5);
insert into bus_station_tbl (id, bus_station_name, latitude, longitude, street_name, city_id) values (6, 'Yabox', 35.0876436, 36.216972, '55 Farragut Center', 6);
insert into bus_station_tbl (id, bus_station_name, latitude, longitude, street_name, city_id) values (7, 'Linkbuzz', -0.1624837, -50.0000408, '4 Pond Alley', 7);
insert into bus_station_tbl (id, bus_station_name, latitude, longitude, street_name, city_id) values (8, 'Quire', 31.031384, 118.712281, '57020 Vernon Parkway', 8);
insert into bus_station_tbl (id, bus_station_name, latitude, longitude, street_name, city_id) values (9, 'Kayveo', 39.07, -84.53, '1 Moland Point', 9);
insert into bus_station_tbl (id, bus_station_name, latitude, longitude, street_name, city_id) values (10, 'Eazzy', -13.308333, -73.583333, '2 Autumn Leaf Circle', 10);


insert into bus_tbl (id, bus_brand, bus_condition, place_amount, wifi) values (1, 'Tambee', true, 1, true);
insert into bus_tbl (id, bus_brand, bus_condition, place_amount, wifi) values (2, 'Miboo', true, 2, false);
insert into bus_tbl (id, bus_brand, bus_condition, place_amount, wifi) values (3, 'Yodoo', false, 3, true);
insert into bus_tbl (id, bus_brand, bus_condition, place_amount, wifi) values (4, 'Centimia', true, 4, true);
insert into bus_tbl (id, bus_brand, bus_condition, place_amount, wifi) values (5, 'Voonder', false, 5, true);
insert into bus_tbl (id, bus_brand, bus_condition, place_amount, wifi) values (6, 'Feedspan', false, 6, true);
insert into bus_tbl (id, bus_brand, bus_condition, place_amount, wifi) values (7, 'Jetwire', false, 7, false);
insert into bus_tbl (id, bus_brand, bus_condition, place_amount, wifi) values (8, 'Voonte', false, 8, true);
insert into bus_tbl (id, bus_brand, bus_condition, place_amount, wifi) values (9, 'Gigabox', true, 9, false);
insert into bus_tbl (id, bus_brand, bus_condition, place_amount, wifi) values (10, 'Twitternation', true, 10, false);


insert into city_tbl (id, city, region_id) values (1, 'Tanshan', 1);
insert into city_tbl (id, city, region_id) values (2, 'Essen', 2);
insert into city_tbl (id, city, region_id) values (3, 'Jiaoyang', 3);
insert into city_tbl (id, city, region_id) values (4, 'Heishui', 4);
insert into city_tbl (id, city, region_id) values (5, 'El Paso', 5);
insert into city_tbl (id, city, region_id) values (6, 'Changle', 6);
insert into city_tbl (id, city, region_id) values (7, 'Pelaya', 7);
insert into city_tbl (id, city, region_id) values (8, 'Hitachi', 8);
insert into city_tbl (id, city, region_id) values (9, 'Anderstorp', 9);
insert into city_tbl (id, city, region_id) values (10, 'Tuopu', 10);


insert into country_tbl (id, country) values (1, 'El Salvador');
insert into country_tbl (id, country) values (2, 'Netherlands');
insert into country_tbl (id, country) values (3, 'Madagascar');
insert into country_tbl (id, country) values (4, 'China');
insert into country_tbl (id, country) values (5, 'Ireland');
insert into country_tbl (id, country) values (6, 'Indonesia');
insert into country_tbl (id, country) values (7, 'Russia');
insert into country_tbl (id, country) values (8, 'Poland');
insert into country_tbl (id, country) values (9, 'Indonesia');
insert into country_tbl (id, country) values (10, 'Brazil');


insert into region_tbl (id, region, country_id) values (1, 'Arkansas', 1);
insert into region_tbl (id, region, country_id) values (2, 'Colorado', 2);
insert into region_tbl (id, region, country_id) values (3, 'Texas', 3);
insert into region_tbl (id, region, country_id) values (4, 'Michigan', 4);
insert into region_tbl (id, region, country_id) values (5, 'Indiana', 5);
insert into region_tbl (id, region, country_id) values (6, 'Florida', 6);
insert into region_tbl (id, region, country_id) values (7, 'Oregon', 7);
insert into region_tbl (id, region, country_id) values (8, 'Tennessee', 8);
insert into region_tbl (id, region, country_id) values (9, 'California', 9);
insert into region_tbl (id, region, country_id) values (10, 'Ohio', 10);


insert into schedule_tbl (id, depature_date, bus_id, bus_route_id) values (1, '2017-08-20 05:42:28', 1, 1);
insert into schedule_tbl (id, depature_date, bus_id, bus_route_id) values (2, '2017-12-26 02:58:02', 2, 2);
insert into schedule_tbl (id, depature_date, bus_id, bus_route_id) values (3, '2018-02-26 04:55:04', 3, 3);
insert into schedule_tbl (id, depature_date, bus_id, bus_route_id) values (4, '2017-12-10 22:15:57', 4, 4);
insert into schedule_tbl (id, depature_date, bus_id, bus_route_id) values (5, '2017-09-20 07:34:11', 5, 5);
insert into schedule_tbl (id, depature_date, bus_id, bus_route_id) values (6, '2018-05-19 03:58:12', 6, 6);
insert into schedule_tbl (id, depature_date, bus_id, bus_route_id) values (7, '2017-11-11 12:06:55', 7, 7);
insert into schedule_tbl (id, depature_date, bus_id, bus_route_id) values (8, '2017-08-17 11:04:30', 8, 8);
insert into schedule_tbl (id, depature_date, bus_id, bus_route_id) values (9, '2018-01-04 19:42:29', 9, 9);
insert into schedule_tbl (id, depature_date, bus_id, bus_route_id) values (10, '2018-03-23 09:07:58', 10, 10);

insert into users_tbl (id, active, email, fist_name, last_name, password, state_enum) values (1, true, 'bmacconneely0@amazon.co.uk', 'Benita', 'MacConneely', '5C8AmwKaltb', 'ACTIVE');
insert into users_tbl (id, active, email, fist_name, last_name, password, state_enum) values (2, true, 'mjaniak1@drupal.org', 'Mortie', 'Janiak', '0UjHMD3', 'ACTIVE');
insert into users_tbl (id, active, email, fist_name, last_name, password, state_enum) values (3, true, 'wbillam2@latimes.com', 'Walther', 'Billam', '6VNjzw', 'ACTIVE');
insert into users_tbl (id, active, email, fist_name, last_name, password, state_enum) values (4, false, 'lcattach3@rakuten.co.jp', 'Lombard', 'Cattach', 'wCiZ3M', 'ACTIVE');
insert into users_tbl (id, active, email, fist_name, last_name, password, state_enum) values (5, true, 'ehungerford4@google.pl', 'Elizabet', 'Hungerford', 'GWCQ4E', 'ACTIVE');
insert into users_tbl (id, active, email, fist_name, last_name, password, state_enum) values (6, true, 'gtalby5@dailymotion.com', 'Gussie', 'Talby', '6zYtBsKozGH', 'ACTIVE');
insert into users_tbl (id, active, email, fist_name, last_name, password, state_enum) values (7, true, 'bkemster6@marriott.com', 'Berky', 'Kemster', 'zvXqwOw', 'ACTIVE');
insert into users_tbl (id, active, email, fist_name, last_name, password, state_enum) values (8, false, 'fstorie7@craigslist.org', 'Frankie', 'Storie', 'b6DZSiknmX0V', 'ACTIVE');
insert into users_tbl (id, active, email, fist_name, last_name, password, state_enum) values (9, false, 'ddumbrill8@rambler.ru', 'Dave', 'Dumbrill', 'bjtqhd14', 'ACTIVE');
insert into users_tbl (id, active, email, fist_name, last_name, password, state_enum) values (10, false, 'esacks9@examiner.com', 'Else', 'Sacks', '53d7Z8dh', 'ACTIVE');

insert into tickets_tbl (id, purchase_date, ticket_number, user_id) values (1, '2018-03-17 23:26:19', '8214', 1);
insert into tickets_tbl (id, purchase_date, ticket_number, user_id) values (2, '2018-06-06 15:05:57', '8312', 2);
insert into tickets_tbl (id, purchase_date, ticket_number, user_id) values (3, '2018-05-20 08:33:44', '6286', 3);
insert into tickets_tbl (id, purchase_date, ticket_number, user_id) values (4, '2018-01-26 10:55:18', '42767', 4);
insert into tickets_tbl (id, purchase_date, ticket_number, user_id) values (5, '2018-05-11 04:41:44', '3105', 5);
insert into tickets_tbl (id, purchase_date, ticket_number, user_id) values (6, '2017-12-07 09:01:31', '8887', 6);
insert into tickets_tbl (id, purchase_date, ticket_number, user_id) values (7, '2018-01-18 04:16:54', '225', 7);
insert into tickets_tbl (id, purchase_date, ticket_number, user_id) values (8, '2018-06-24 20:33:56', '0817', 8);
insert into tickets_tbl (id, purchase_date, ticket_number, user_id) values (9, '2018-01-28 08:31:27', '298', 9);
insert into tickets_tbl (id, purchase_date, ticket_number, user_id) values (10, '2018-07-29 20:22:53', '61306', 10);


insert into tokens_tbl (id, session, user_id) values (1, 'Pooh', 1);
insert into tokens_tbl (id, session, user_id) values (2, 'Rozalie', 2);
insert into tokens_tbl (id, session, user_id) values (3, 'Jami', 3);
insert into tokens_tbl (id, session, user_id) values (4, 'Marris', 4);
insert into tokens_tbl (id, session, user_id) values (5, 'Rikki', 5);
insert into tokens_tbl (id, session, user_id) values (6, 'Isabel', 6);
insert into tokens_tbl (id, session, user_id) values (7, 'Ellette', 7);
insert into tokens_tbl (id, session, user_id) values (8, 'Kirbie', 8);
insert into tokens_tbl (id, session, user_id) values (9, 'Doloritas', 9);
insert into tokens_tbl (id, session, user_id) values (10, 'Andromache', 10);


insert into user2roles_tbl (user_id, roles_enum) values (1, 'ADMIN');
insert into user2roles_tbl (user_id, roles_enum) values (2, 'ADMIN');
insert into user2roles_tbl (user_id, roles_enum) values (3, 'ADMIN');
insert into user2roles_tbl (user_id, roles_enum) values (4, 'USER');
insert into user2roles_tbl (user_id, roles_enum) values (5, 'USER');
insert into user2roles_tbl (user_id, roles_enum) values (6, 'USER');
insert into user2roles_tbl (user_id, roles_enum) values (7, 'USER');
insert into user2roles_tbl (user_id, roles_enum) values (8, 'USER');
insert into user2roles_tbl (user_id, roles_enum) values (9, 'MANAGER');
insert into user2roles_tbl (user_id, roles_enum) values (10, 'USER');





